–∞–∫—Å–µ—Å—Å—É–∞—Ä—ã,—Å—É–º–∫–∞,https://youtu.be/0Whf5RKAhV8?si=hVgHPLiLPfXkjSya
–∞–∫—Å–µ—Å—Å—É–∞—Ä—ã,—à–∞–ª—å,https://youtu.be/nv9pcdQRV1A?si=dyLXFuZek9W4t1WF
–∞–∫—Å–µ—Å—Å—É–∞—Ä—ã,—Å—É–º–∫–∞,https://www.youtube.com/watch?si=sij92gPiKGXQN_BZ&v=jNhviuLoCsg&feature=youtu.be
–∞–∫—Å–µ—Å—Å—É–∞—Ä—ã,—Å—É–º–∫–∞,https://youtu.be/uqURzdf9_d4?si=cIIVcGrIH_OG7RZ5
–∞–∫—Å–µ—Å—Å—É–∞—Ä—ã,—Å—É–º–∫–∞,https://youtu.be/GBkrYh_nOjc?si=QHmPGY1wG5jiBWiY
–∞–∫—Å–µ—Å—Å—É–∞—Ä—ã,—Å—É–º–∫–∞,https://www.youtube.com/watch?v=eB-BfYyehi8
–∞–∫—Å–µ—Å—Å—É–∞—Ä—ã,—Ç–∞–ø–æ—á–∫–∏,https://youtu.be/KEa1d0f8ljc?si=aRBn7Gtk7-UiFqfN
–∞–∫—Å–µ—Å—Å—É–∞—Ä—ã,–≤–æ—Ä–æ—Ç–Ω–∏—á–æ–∫,https://youtu.be/gHgJe1WK16Y?feature=shared
–∞–∫—Å–µ—Å—Å—É–∞—Ä—ã,—á–µ—Ö–æ–ª –¥–ª—è –±—É—Ç—ã–ª–∫–∏,https://youtu.be/CDqTztT23WM?si=wwrXQSJg90Gy6r5E
–∞–∫—Å–µ—Å—Å—É–∞—Ä—ã,—á–µ—Ö–æ–ª –¥–ª—è –±—É—Ç—ã–ª–∫–∏,https://youtu.be/AFbUKgZQ9Wo?si=tBp3Jg1c_BAk75Yo
–∞–∫—Å–µ—Å—Å—É–∞—Ä—ã,—á–µ—Ö–æ–ª –¥–ª—è –±—É—Ç—ã–ª–∫–∏,https://youtu.be/yl3Lv3qZoaI?si=3QFqKLUm9oxa5TPg
–∞–∫—Å–µ—Å—Å—É–∞—Ä—ã,–≤–∞—Ä–µ–∂–∫–∏,https://youtu.be/N9-AeRlo1Ow?si=ZKWW5KDEZZvvlWsu
–∞–∫—Å–µ—Å—Å—É–∞—Ä—ã,–≤–∞—Ä–µ–∂–∫–∏,https://youtu.be/iUcivIK1xbc?si=_Nkn8wTc4_0POlaC
–∞–∫—Å–µ—Å—Å—É–∞—Ä—ã,–≤–∞—Ä–µ–∂–∫–∏,https://youtu.be/2luvGNP0kXc?si=sLHnYvl5cBrRmn-y
–∞–∫—Å–µ—Å—Å—É–∞—Ä—ã,—á–µ—Ö–æ–ª –¥–ª—è –±—É—Ç—ã–ª–∫–∏,https://youtu.be/0aPqVWmheyo?si=Gc1qtHR7SGCJowvn
–∞–∫—Å–µ—Å—Å—É–∞—Ä—ã,—á–µ—Ö–æ–ª –¥–ª—è –±—É—Ç—ã–ª–∫–∏,https://youtu.be/-P5VDFu7rAU?si=KNp_9ua7qlfveIRN
–∞–∫—Å–µ—Å—Å—É–∞—Ä—ã,—Å—É–º–∫–∞,https://youtu.be/btONYXKSwVk?si=pO3lB28mK7EUbL5H
–∞–∫—Å–µ—Å—Å—É–∞—Ä—ã,–≤–æ—Ä–æ—Ç–Ω–∏—á–æ–∫,https://youtu.be/U_YfV8UguDo?si=PBjO8gEz53l1D73T
–∞–∫—Å–µ—Å—Å—É–∞—Ä—ã,—Å—É–º–∫–∞,https://youtu.be/YDkcziK48xg?si=atF-LLNu6I3dPgYf
–∞–∫—Å–µ—Å—Å—É–∞—Ä—ã,—Å—É–º–∫–∞,https://youtu.be/kIx86OJmMfM?si=rpWo4oHcHAzgeFNR
–∞–∫—Å–µ—Å—Å—É–∞—Ä—ã,—à–∞—Ä—Ñ,https://youtu.be/sBBNBNT2_GI?si=NOMbriJ5M6RxDcTd
–∞–∫—Å–µ—Å—Å—É–∞—Ä—ã,—à–∞—Ä—Ñ,https://youtu.be/TFvyyw3Ytt4?feature=shared
–∞–∫—Å–µ—Å—Å—É–∞—Ä—ã,–≤–æ—Ä–æ—Ç–Ω–∏—á–æ–∫,https://youtu.be/7S0u5uJOpbI?si=kRAHKR3YtyBth0j6
–∞–∫—Å–µ—Å—Å—É–∞—Ä—ã,—Å—É–º–∫–∞,https://youtu.be/6uIVA8M5aKw?si=1ozrRB9yoZWzV9y5
–∞–∫—Å–µ—Å—Å—É–∞—Ä—ã,–±—Ä–µ–ª–æ–∫,https://youtu.be/DvUXcldlEHM?si=_jgaFJClXu_B8J0P
–∞–∫—Å–µ—Å—Å—É–∞—Ä—ã,—Å—É–º–∫–∞,https://youtu.be/VABxM4de3KU?si=haauDHc6zMDfJ-vu
–∞–∫—Å–µ—Å—Å—É–∞—Ä—ã,—Å—É–º–∫–∞,https://youtu.be/ERNpXWvS0l4?si=583onsOlBdw_Kv92
–∞–∫—Å–µ—Å—Å—É–∞—Ä—ã,—á–µ—Ö–æ–ª –¥–ª—è —á–µ–º–æ–¥–∞–Ω–∞,https://youtube.com/shorts/rAwU1qLh9Nc?si=iNh8rFNuaOql3C8s
–∞–∫—Å–µ—Å—Å—É–∞—Ä—ã,—Ä–µ–º–µ–Ω—å –¥–ª—è —Å—É–º–∫–∏,https://youtu.be/ORwDkGyyMQ0?si=k3md4WVy3-EYP6xD
–∞–∫—Å–µ—Å—Å—É–∞—Ä—ã,—Å—É–º–∫–∞,https://youtu.be/9hGwxzhlRxI?si=FcSPzDxolntUr_TF
–∞–∫—Å–µ—Å—Å—É–∞—Ä—ã,—Å—É–º–∫–∞,https://youtu.be/Qw2Cxt8_c78?si=GEb_v1k35wGLlQeA
–∞–∫—Å–µ—Å—Å—É–∞—Ä—ã,—Å—É–º–∫–∞,https://youtu.be/ZaduNN9vND0?si=YpZulDUvXXrO03J9
–∞–∫—Å–µ—Å—Å—É–∞—Ä—ã,—Å—É–º–∫–∞,https://youtu.be/cr43JZeHuxE?si=6ngRgRa21q2GMw-k
–∞–∫—Å–µ—Å—Å—É–∞—Ä—ã,–±—Ä–µ–ª–æ–∫ ,https://youtu.be/JoAkRqhmP8s?si=cm-abfVVNDj3mXl9
–∞–∫—Å–µ—Å—Å—É–∞—Ä—ã,—Ä–µ–∑–∏–Ω–∫–∞ –¥–ª—è –≤–æ–ª–æ—Å,https://youtu.be/TRXynV6QXKQ?si=q6lY9FBYoQDrmjXY
–∞–∫—Å–µ—Å—Å—É–∞—Ä—ã,—Å—É–º–∫–∞,https://youtu.be/eVu_seMqMs0?si=ygrFWaXBl_nORCLY
–∞–∫—Å–µ—Å—Å—É–∞—Ä—ã,–≤–æ—Ä–æ—Ç–Ω–∏—á–æ–∫,https://youtu.be/v4er494-9r0?si=Wfi3haUOiiYaUicu
–∞–∫—Å–µ—Å—Å—É–∞—Ä—ã,—Å—É–º–∫–∞,https://youtu.be/_Sxw1YOnYAw?si=15pZTvS5pgiuN9dX
–∞–∫—Å–µ—Å—Å—É–∞—Ä—ã,–±—Ä–µ–ª–æ–∫,https://youtu.be/fdi1MXWailo?si=pgd2SjB_4xsghpc7
–∞–∫—Å–µ—Å—Å—É–∞—Ä—ã,–±—Ä–µ–ª–æ–∫,https://youtu.be/llIQw3PLmEY?si=fHqWU7SpWqui55nh
–∞–∫—Å–µ—Å—Å—É–∞—Ä—ã,—à–∞—Ä—Ñ,https://youtu.be/3yI5TxXFy_M?feature=shared
–∞–∫—Å–µ—Å—Å—É–∞—Ä—ã,—Ñ–∞—Ä—Ç—É–∫,https://youtu.be/s8GqqjSwC-w?si=79i6ZNRwsaLUKgMp
–∞–∫—Å–µ—Å—Å—É–∞—Ä—ã,—Å—É–º–∫–∞,https://youtu.be/t-f9aOEmTk0?si=op9fkBDIHlBXzjZ4
–∞–∫—Å–µ—Å—Å—É–∞—Ä—ã,–±—Ä–µ–ª–æ–∫,https://youtu.be/R3eL_liWbMA?si=iMQzDJCZ61yBZIcD
–∞–∫—Å–µ—Å—Å—É–∞—Ä—ã,–±—Ä–µ–ª–æ–∫,https://www.youtube.com/watch?v=ZTh-wUf2SfU
–∞–∫—Å–µ—Å—Å—É–∞—Ä—ã,—Å—É–º–∫–∞,https://youtu.be/1Rkm9G8oq9Y?si=kv6RbW1sQT9FXTcZ
–∞–∫—Å–µ—Å—Å—É–∞—Ä—ã,–≤–∞—Ä–µ–∂–∫–∏,https://www.youtube.com/watch?v=RVja7eUJ47c
–∞–∫—Å–µ—Å—Å—É–∞—Ä—ã,–≤–æ—Ä–æ—Ç–Ω–∏—á–æ–∫,https://youtu.be/yQl9b53u9qY?si=GbSwIi2APgKgnFPP
–∞–∫—Å–µ—Å—Å—É–∞—Ä—ã,—Å—É–º–∫–∞,https://youtu.be/kpoVqXat2IE?si=eUBsy1SYnYCaKdnf
–∞–∫—Å–µ—Å—Å—É–∞—Ä—ã,—à–∞—Ä—Ñ,https://youtu.be/zlyDN21ixfE?si=lu-fqTVNggK_qdfP
–∞–∫—Å–µ—Å—Å—É–∞—Ä—ã,—Å—É–º–∫–∞,https://youtu.be/H1YgJrXDByY?si=5pdVroS7vufrI3ev
–∞–∫—Å–µ—Å—Å—É–∞—Ä—ã,—Å—É–º–∫–∞,https://youtu.be/hqSEqkxjRnM?feature=shared
–∞–∫—Å–µ—Å—Å—É–∞—Ä—ã,—Å—É–º–∫–∞,https://youtu.be/ccSL6ymGD_Q?si=BOON_G-TEeJyxsOd
–∞–∫—Å–µ—Å—Å—É–∞—Ä—ã,—Å—É–º–∫–∞,https://youtu.be/XTybwxgyG-E?si=y4xgMFZ36O8J7zmw
–∞–∫—Å–µ—Å—Å—É–∞—Ä—ã,—Å—É–º–∫–∞,https://youtu.be/JF8VqAUxnyc?si=Tze4pKqZxFy7JwQY
–∞–∫—Å–µ—Å—Å—É–∞—Ä—ã,—Å—É–º–∫–∞,https://youtu.be/SSoMfddbMD8?si=MC6EmwqktOyKUBiQ
–∞–∫—Å–µ—Å—Å—É–∞—Ä—ã,—Å—É–º–∫–∞,https://youtu.be/nB9yymyzkBk?si=ufBQRRcg4tupStFS
–∞–∫—Å–µ—Å—Å—É–∞—Ä—ã,—Å—É–º–∫–∞,https://youtu.be/hCZBMHo76qM?si=o6-8Ft6Z7ZTay5Fj
–∞–∫—Å–µ—Å—Å—É–∞—Ä—ã,—Å—É–º–∫–∞,https://youtu.be/mcOCr_UZcSk?si=GpnfnUpUQRI9XPw3
–∞–∫—Å–µ—Å—Å—É–∞—Ä—ã,—Å—É–º–∫–∞,https://youtu.be/szz7eebHsms?si=pCr1xeDOrRA9phbY
–∞–∫—Å–µ—Å—Å—É–∞—Ä—ã,—Å—É–º–∫–∞,https://youtu.be/2KfUBz23Sss?si=CZqDxE4e8u8geZ7y
–∞–∫—Å–µ—Å—Å—É–∞—Ä—ã,–±—Ä–µ–ª–æ–∫,https://www.youtube.com/watch?v=9q3oEGPCz8I&t=216s
–∞–∫—Å–µ—Å—Å—É–∞—Ä—ã,–±—Ä–µ–ª–æ–∫,https://youtu.be/mKKuGnyeodg?si=G4gciVul5xq8s_c8
–∞–∫—Å–µ—Å—Å—É–∞—Ä—ã,–¥–µ–∫–æ—Ä,https://youtu.be/Z-4HFMAKYiI?si=s2-JxsqOXZtHTzyf
–∞–∫—Å–µ—Å—Å—É–∞—Ä—ã,—Å—É–º–∫–∞,https://youtu.be/wHyDwHwA6WI?si=VPJUhlGAJfGlak-e
–∞–∫—Å–µ—Å—Å—É–∞—Ä—ã,—Å—É–º–∫–∞,https://youtu.be/LI6ilB-wET4?si=iXsIleeXZLm0SOuQ
–∞–∫—Å–µ—Å—Å—É–∞—Ä—ã,—Ç–∞–ø–æ—á–∫–∏,https://youtu.be/TgN6dSt-euY?si=yOdCfrSr7REVnEUL
–∞–∫—Å–µ—Å—Å—É–∞—Ä—ã,—à–∞—Ä—Ñ,https://www.youtube.com/watch?v=8l4bHvF9t0Y&t=677s
–∞–∫—Å–µ—Å—Å—É–∞—Ä—ã,—à–∞—Ä—Ñ,https://www.youtube.com/watch?v=NpkHxTw0hPo
–∞–∫—Å–µ—Å—Å—É–∞—Ä—ã,—à–∞–ª—å,https://youtu.be/cBX_2DMdBok?si=4Jk-lSYmOh_pnJrv
–∞–∫—Å–µ—Å—Å—É–∞—Ä—ã,—à–∞—Ä—Ñ,https://youtu.be/-y8LGQtsXvc?si=9QMM3za6wUFu8hn3
–∞–∫—Å–µ—Å—Å—É–∞—Ä—ã,—Å—É–º–∫–∞,https://youtu.be/ZWsMf1GdIgQ?si=aJzxhxQL3LXA1E_U
–∞–∫—Å–µ—Å—Å—É–∞—Ä—ã,–≤–∞—Ä–µ–∂–∫–∏,https://youtu.be/_VMZ-EbgkWM?si=k924KN2alV8_2Nw2
–∞–∫—Å–µ—Å—Å—É–∞—Ä—ã,–≤–∞—Ä–µ–∂–∫–∏,https://youtu.be/TLMSQylw4dM?si=mGXMBqjGIsgM_A4N
–∞–∫—Å–µ—Å—Å—É–∞—Ä—ã,–±—Ä–µ–ª–æ–∫,https://youtu.be/Ei5usPGKd6s?si=W97B_DzklBnKEWaz
–∞–∫—Å–µ—Å—Å—É–∞—Ä—ã,—à–∞—Ä—Ñ,https://youtu.be/hQtgcEtWSyQ?si=ZWj1malM7bTb4RSQ
–∞–∫—Å–µ—Å—Å—É–∞—Ä—ã,—Å—É–º–∫–∞,https://youtu.be/nJ-R8wDSAcg?si=4fMdFmPRNuZTYU-o
–∞–∫—Å–µ—Å—Å—É–∞—Ä—ã,–≤–æ—Ä–æ—Ç–Ω–∏—á–æ–∫,https://youtu.be/R803CPzn4B8?si=smJFcyggsCeM3IBJ
–∞–∫—Å–µ—Å—Å—É–∞—Ä—ã,—à–∞—Ä—Ñ,https://youtu.be/FAVs5hvoZ3k?si=wXrP_BsQrixrNQJ_
–∞–∫—Å–µ—Å—Å—É–∞—Ä—ã,–≤–∞—Ä–µ–∂–∫–∏,https://youtu.be/BAMTSzt0gnA?si=7I27_sucBRiBGVAI
–∞–∫—Å–µ—Å—Å—É–∞—Ä—ã,–≤–∞—Ä–µ–∂–∫–∏,https://youtu.be/IhNfybv9jvE?si=IZf5oEYe-nAmwAhE
–∞–∫—Å–µ—Å—Å—É–∞—Ä—ã,–≤–∞—Ä–µ–∂–∫–∏,https://youtu.be/v3X70X55kIg?si=-Cg_uzfwPLsvZ9jo
–∞–∫—Å–µ—Å—Å—É–∞—Ä—ã,–≤–æ—Ä–æ—Ç–Ω–∏—á–æ–∫,https://youtu.be/GICe9HLlfRU?si=gaSHufUR66h_UzlU
–∞–∫—Å–µ—Å—Å—É–∞—Ä—ã,—Å—É–º–∫–∞,https://youtu.be/IP8jleuXt0A?si=5VsE9KjGDMYSCQhs
–∞–∫—Å–µ—Å—Å—É–∞—Ä—ã,—Å—É–º–∫–∞,https://youtu.be/6ZOi6E9myuY?si=IPsbP96HcDjTlYrk
–∞–∫—Å–µ—Å—Å—É–∞—Ä—ã,—á–µ—Ö–æ–ª –¥–ª—è –±—É—Ç—ã–ª–∫–∏,https://youtu.be/PG6cdFK38pA?si=5ZojRtUcwiWorngj
–∞–∫—Å–µ—Å—Å—É–∞—Ä—ã,—Å—É–º–∫–∞,https://youtu.be/h0eUDbKQCqw?si=8xVwTnn3YPJ7PfXA
–≤–¥–æ—Ö–Ω–æ–≤–µ–Ω–∏–µ,–º–∞–≥–∞–∑–∏–Ω—ã,https://youtu.be/ropZKMU1vq8?si=8DeCrX6FABQGIz9Z
–≤–¥–æ—Ö–Ω–æ–≤–µ–Ω–∏–µ,–ø–ª–µ–¥-–±—É–∫–µ—Ç,https://youtu.be/jH9uGhhXYPU?si=0GVKJUhU2Vz3xTn3
–≤–¥–æ—Ö–Ω–æ–≤–µ–Ω–∏–µ,—Å–≤–∏—Ç–µ—Ä,https://youtu.be/VW9ACho2QAY?si=6N40JlCQJ9D1uWQf
–≤–¥–æ—Ö–Ω–æ–≤–µ–Ω–∏–µ,–ø–∞—Ä–Ω—é,https://youtu.be/nFTwYLbuX-w?si=mPjWGeUNqclZuZQs
–≤–¥–æ—Ö–Ω–æ–≤–µ–Ω–∏–µ,–ª–µ–∫—Ü–∏—è,https://www.youtube.com/watch?v=Vkn_lAr2ICQ&list=PLRSwFqRcpg4E-aWa2AhtsIEiROqxOEBb1&ab_channel=GARAGEMCA
–≤–¥–æ—Ö–Ω–æ–≤–µ–Ω–∏–µ ,–æ—Å—Ç–∞—Ç–∫–∏ –ø—Ä—è–∂–∏,https://youtube.com/shorts/cIE0l1eVpGs?si=qY8kRhOPwJ2njgDR
–≤–¥–æ—Ö–Ω–æ–≤–µ–Ω–∏–µ ,–≤–¥–æ—Ö–Ω–æ–≤–µ–Ω–∏–µ,https://www.youtube.com/watch?v=JOxF_7LplGE
–≤–¥–æ—Ö–Ω–æ–≤–µ–Ω–∏–µ ,–∑–≤–µ–∑–¥–∞,https://youtu.be/D8PL36yydsk?si=mykpKQZkO8IXsS6A
–≥–æ–ª–æ–≤–Ω—ã–µ —É–±–æ—Ä—ã,—à–∞–ø–∫–∞,https://www.youtube.com/watch?si=1dy2RvFIktj95Sb5&v=IzpDw3PxP6I&feature=youtu.be
–≥–æ–ª–æ–≤–Ω—ã–µ —É–±–æ—Ä—ã,–∫–æ—Å—ã–Ω–∫–∞,https://youtu.be/ugHHB79JkXA?si=oB-tuJ4JuY1AShxH
–≥–æ–ª–æ–≤–Ω—ã–µ —É–±–æ—Ä—ã,—à–ª—è–ø–∞,https://youtu.be/WmpOj8lNeWI?si=5HFbiNPyrUIiddIh
–≥–æ–ª–æ–≤–Ω—ã–µ —É–±–æ—Ä—ã,–±–µ—Ä–µ—Ç,https://youtu.be/_Q4IUyC2vJw?si=rdgpG6afLXrAdXtC
–≥–æ–ª–æ–≤–Ω—ã–µ —É–±–æ—Ä—ã,–º–æ—Ä—è—á–∫–∞,https://youtu.be/IzpDw3PxP6I?si=1dy2RvFIktj95Sb5
–≥–æ–ª–æ–≤–Ω—ã–µ —É–±–æ—Ä—ã,—à–∞–ø–∫–∞,https://youtu.be/BI9C1NBLDfA?si=rAMfLgNUP4gGKXPU
–≥–æ–ª–æ–≤–Ω—ã–µ —É–±–æ—Ä—ã,—á–µ–ø–µ—Ü,https://youtu.be/gLTIKlxlmt4?si=VcqlzICsnlTWQyFs
–≥–æ–ª–æ–≤–Ω—ã–µ —É–±–æ—Ä—ã,–∫–æ—Å—ã–Ω–∫–∞,https://youtu.be/kKjUQqwFnY8?si=bNvauE75VAov0YbU
–≥–æ–ª–æ–≤–Ω—ã–µ —É–±–æ—Ä—ã,—á–µ–ø–µ—Ü,https://youtu.be/KujHVLXpA2o?si=P_7Z-pbhIDhn6Rhc
–≥–æ–ª–æ–≤–Ω—ã–µ —É–±–æ—Ä—ã,—à–∞–ø–∫–∞,https://youtu.be/k5iOXWQtL8w?si=dGgeTV4BtWqypYfm
–≥–æ–ª–æ–≤–Ω—ã–µ —É–±–æ—Ä—ã,—á–µ–ø–µ—Ü,https://youtu.be/WeTFLpbXoy8?si=HmE6_O30bN47jCli
–≥–æ–ª–æ–≤–Ω—ã–µ —É–±–æ—Ä—ã,–∫–∞–ø–æ—Ä,https://youtu.be/DaduzVFe-0A?si=fBMMh46Jzmr61JqH
–≥–æ–ª–æ–≤–Ω—ã–µ —É–±–æ—Ä—ã,–∫–∞–ø–æ—Ä,https://youtu.be/RKTIkdYNfuI?si=RA3ux-SL3gPt8fWo
–≥–æ–ª–æ–≤–Ω—ã–µ —É–±–æ—Ä—ã,—á–µ–ø–µ—Ü,https://youtu.be/HZ3ZTs0dwzE?si=rAhjiZsRiyStjhh6
–≥–æ–ª–æ–≤–Ω—ã–µ —É–±–æ—Ä—ã,–ø–∞–Ω–∞–º–∞,https://youtu.be/oKWyWUqgkj4?si=7CsoEdAHIEtp03Ib
–≥–æ–ª–æ–≤–Ω—ã–µ —É–±–æ—Ä—ã,–∫–æ—Å—ã–Ω–∫–∞,https://youtu.be/Wk9DA6jVHBo?si=2ryWR7jlUagnUvq_
–≥–æ–ª–æ–≤–Ω—ã–µ —É–±–æ—Ä—ã,—à–ª—è–ø–∞,https://youtu.be/bxNoWCkH2mM?si=WdpuiAuQkltZiT36
–≥–æ–ª–æ–≤–Ω—ã–µ —É–±–æ—Ä—ã,—à–∞–ø–∫–∞,https://youtu.be/Dc8GVqEMAqc?si=YKy3-AzpImAk2JA3
–≥–æ–ª–æ–≤–Ω—ã–µ —É–±–æ—Ä—ã,–∫–∞–ø–æ—Ä,https://youtu.be/qEMCwb37Yns?si=KC-zocK8qdV2yEyW
–≥–æ–ª–æ–≤–Ω—ã–µ —É–±–æ—Ä—ã,–∫–æ—Å—ã–Ω–∫–∞,https://youtu.be/gbP2OM713Q4?si=cGquS16P9kYS5iMT
–≥–æ–ª–æ–≤–Ω—ã–µ —É–±–æ—Ä—ã,–∫–∞–ø–æ—Ä,https://youtu.be/9oklIvNpuI4?si=ageb-Mqm4Aw7J8rZ
–≥–æ–ª–æ–≤–Ω—ã–µ —É–±–æ—Ä—ã,—à–∞–ø–∫–∞,https://youtu.be/ru0Vl2F4AlI?si=KR2W8LV3mHRqEHUU
–≥–æ–ª–æ–≤–Ω—ã–µ —É–±–æ—Ä—ã,—à–∞–ø–∫–∞,https://youtu.be/iNrlv80dCd4?si=D9QtYVg-qhaxuGcy
–≥–æ–ª–æ–≤–Ω—ã–µ —É–±–æ—Ä—ã,—à–∞–ø–∫–∞,https://youtu.be/5m6S9dvInyc?si=DGqNHyWorzmmsbVX
–≥–æ–ª–æ–≤–Ω—ã–µ —É–±–æ—Ä—ã,—à–∞–ø–∫–∞,https://youtu.be/SayV3L7QC-k?si=eJe7LM15ywP32_zU
–≥–æ–ª–æ–≤–Ω—ã–µ —É–±–æ—Ä—ã,—à–∞–ø–∫–∞,https://youtu.be/zRHVA_TETPo?si=nRpA6Rg_naIt9I7c
–≥–æ–ª–æ–≤–Ω—ã–µ —É–±–æ—Ä—ã,–∫–æ—Å—ã–Ω–∫–∞,https://youtu.be/_CepAkWIPK4?si=sxpgyBLeFVo3wBp9
–≥–æ–ª–æ–≤–Ω—ã–µ —É–±–æ—Ä—ã,–∫–æ—Å—ã–Ω–∫–∞,https://youtu.be/fy9cdy57sAk?si=-NG-bDXPohnw-MtD
–≥–æ–ª–æ–≤–Ω—ã–µ —É–±–æ—Ä—ã,—à–∞–ø–∫–∞,https://youtu.be/Ugdc87D-rew?si=vsIEEBkWLT0nMQcf
–≥–æ–ª–æ–≤–Ω—ã–µ —É–±–æ—Ä—ã,—á–µ–ø–µ—Ü,https://youtu.be/3e41pNz_Snw?si=oeONKRy2zSBOtRok
–≥–æ–ª–æ–≤–Ω—ã–µ —É–±–æ—Ä—ã,–±–µ—Ä–µ—Ç,https://youtu.be/0xsGyABcdsw?si=gVyUD4YywGmrLV9y
–≥–æ–ª–æ–≤–Ω—ã–µ —É–±–æ—Ä—ã,–±–µ—Ä–µ—Ç,https://youtu.be/0XoxV36fDh0?si=p2z5jlgNd5PtfzmF
–≥–æ–ª–æ–≤–Ω—ã–µ —É–±–æ—Ä—ã,–ø–æ–≤—è–∑–∫–∞,https://youtu.be/7KihIcEKEAM?si=RiZNHmOiw6pX6RnO
–≥–æ–ª–æ–≤–Ω—ã–µ —É–±–æ—Ä—ã,—à–∞–ø–∫–∞,https://youtu.be/Uqnfl9Sl2J0?si=DCBk1pQDeBRZ8N7R
–≥–æ–ª–æ–≤–Ω—ã–µ —É–±–æ—Ä—ã,–∫–∞–ø–æ—Ä,https://youtu.be/aElZQLRRIvg?si=H0pCruBNWjzJkne2
–≥–æ–ª–æ–≤–Ω—ã–µ —É–±–æ—Ä—ã,—à–∞–ø–∫–∞ ,https://youtu.be/Ya7XFjJg9Jg?si=xtWqmKBscNa260jI
–≥–æ–ª–æ–≤–Ω—ã–µ —É–±–æ—Ä—ã,—à–∞–ø–∫–∞,https://youtu.be/IYRpEaIonVs?si=hZYj6_tblTWCXnCB
–≥–æ–ª–æ–≤–Ω—ã–µ —É–±–æ—Ä—ã,—à–∞–ø–∫–∞ ,https://youtu.be/zPPPGItJp74?si=KyuU_JnvmjdBbvHs
–≥–æ–ª–æ–≤–Ω—ã–µ —É–±–æ—Ä—ã,—à–ª—è–ø–∞,https://youtu.be/mAypiRm5ihQ?si=_kn84y4u86bngwd6
–≥–æ–ª–æ–≤–Ω—ã–µ —É–±–æ—Ä—ã,—á–µ–ø–µ—Ü,https://youtu.be/5IHkkuwbcd8?si=bID14J3WhkRZ8_kQ
–≥–æ–ª–æ–≤–Ω—ã–µ —É–±–æ—Ä—ã,–∫–æ—Å—ã–Ω–∫–∞,https://youtu.be/1rwS0s9o5mc?si=IKvSZsdd-RNEjZXS
–≥–æ–ª–æ–≤–Ω—ã–µ —É–±–æ—Ä—ã,—à–∞–ø–∫–∞,https://youtu.be/AhPYSNwMrYA?si=-g665LLZmYc7EVfg
–≥–æ–ª–æ–≤–Ω—ã–µ —É–±–æ—Ä—ã,—á–µ–ø–µ—Ü,https://youtu.be/KsVTL1NY1xg?feature=shared
–≥–æ–ª–æ–≤–Ω—ã–µ —É–±–æ—Ä—ã,—à–∞–ø–∫–∞ —Å–µ—Ç–∫–∞,https://youtu.be/lyNdmDoMUKo?si=7gOob4LygTvCaMG4
–≥–æ–ª–æ–≤–Ω—ã–µ —É–±–æ—Ä—ã,—á–µ–ø–µ—Ü,https://youtu.be/77h5SO9suro?si=ndP8Jh0sP-5GoyMZ
–≥–æ–ª–æ–≤–Ω—ã–µ —É–±–æ—Ä—ã,—à–∞–ø–∫–∞,https://youtu.be/kPPoE77QlHI?si=NVCjpJz3noNOh29g
–≥–æ–ª–æ–≤–Ω—ã–µ —É–±–æ—Ä—ã,—à–∞–ø–∫–∞,https://www.youtube.com/watch?v=o2Y7vaTqTcY&list=PLRXLHr__ztoXSiqM9uLo63kJk_HZd56r6&index=14&ab_channel=IrinaKosKnitting
–≥–æ–ª–æ–≤–Ω—ã–µ —É–±–æ—Ä—ã,—á–µ–ø–µ—Ü,https://youtu.be/LnceYNIYjM4?feature=shared
–≥–æ–ª–æ–≤–Ω—ã–µ —É–±–æ—Ä—ã,–∫–∞–ø–æ—Ä,https://youtu.be/Gf8yH_dzk8M?si=u_Zfo8wHAnkw6C6d
–≥–æ–ª–æ–≤–Ω—ã–µ —É–±–æ—Ä—ã,—à–∞–ø–∫–∞ —Å–µ—Ç–∫–∞,https://youtu.be/BaelprzNEnQ?si=mWaO717b8YjkTXbc
–≥–æ–ª–æ–≤–Ω—ã–µ —É–±–æ—Ä—ã,—à–∞–ø–∫–∞ —Å–µ—Ç–∫–∞,https://youtu.be/MUCXIWUqQmg?si=Vd0z5k3RpoQhSUqp
–≥–æ–ª–æ–≤–Ω—ã–µ —É–±–æ—Ä—ã,—à–∞–ø–∫–∞ —Å–µ—Ç–∫–∞,https://youtu.be/Hjc_OBwt4i4?si=uZQmKpQ0hissVaBY
–≥–æ–ª–æ–≤–Ω—ã–µ —É–±–æ—Ä—ã,—à–∞–ø–∫–∞ —Å–µ—Ç–∫–∞,https://youtu.be/pyUg67Jc5nI?si=sLO3t9rcAAkV2RFY
–≥–æ–ª–æ–≤–Ω—ã–µ —É–±–æ—Ä—ã,–∫–æ—Å—ã–Ω–∫–∞,https://youtu.be/nMu73mJCrSE?si=U_uzajI7kg3ZPjBm
–≥–æ–ª–æ–≤–Ω—ã–µ —É–±–æ—Ä—ã,–ø–∞–Ω–∞–º–∞,https://youtu.be/2Q8VnGg-VLk?si=uhSCSmyl_N7QzaRh
–¥–µ–∫–æ—Ä,–ø–ª–µ–¥,https://youtu.be/vl7WdVU2TOw
–¥–µ–∫–æ—Ä,—Ü–≤–µ—Ç–æ–∫,https://youtu.be/ZY1ZI8tbAZY?si=zzu3JkyeGzFeY24J
–¥–µ–∫–æ—Ä,—Ü–≤–µ—Ç–æ–∫,https://youtu.be/CRTkc4McWig?si=Ly7diEMexPPMcu0T
–¥–µ–∫–æ—Ä,–ø–æ–¥—Å—Ç–∞–≤–∫–∞,https://youtu.be/4Llx8C0lHZ8?si=SUGBAkEwnUW5hf5V
–¥–µ–∫–æ—Ä,–ø–ª–µ–¥,https://youtu.be/JWTz8_Xi7HQ?si=dxOHD-D9nZOF0-rM
–¥–µ–∫–æ—Ä,–æ—Ä–≥–∞–Ω–∞–π–∑–µ—Ä,https://youtu.be/q-vnzIYcZD0?si=qPwhUXi_x4dBNm_P
–¥–µ–∫–æ—Ä,–ø–æ–¥—Å—Ç–∞–≤–∫–∞,https://youtu.be/anJWtQRoQwA?si=xMYqR47UzYC9xKKO
–¥–µ–∫–æ—Ä,–¥–µ–∫–æ—Ä,https://www.youtube.com/watch?v=PXw37YM9uqk
–¥–µ–∫–æ—Ä,–∫–æ—Ä–∑–∏–Ω–∞,https://youtu.be/LWnIrymG7jY?si=sNoHjWL-iMi-gRqj
–¥–µ–∫–æ—Ä,–¥–µ–∫–æ—Ä,https://youtu.be/CrhqPdazVCg?si=rc8wVbJG-7auX9rn
–¥–µ–∫–æ—Ä,–∫–æ—Ä–∑–∏–Ω–∞,https://youtu.be/TOilH4wfobE?si=Ct7ofO-Whj9Uyl-0
–¥–µ–∫–æ—Ä,–±—Ä–µ–ª–æ–∫,https://youtu.be/OyGI1rzwNxM?si=PGIum7JY9tw0PY3A
–¥–µ–∫–æ—Ä,—Ü–≤–µ—Ç–æ–∫,https://youtu.be/JivvreE-Gcg?si=40-fDW7PU_ERtrhT
–¥–µ–∫–æ—Ä,—Ü–≤–µ—Ç–æ–∫,https://youtu.be/j6lpwT32lzw?si=ex0R-mOkGewCw3yC
–¥–µ–∫–æ—Ä,—Ü–≤–µ—Ç–æ–∫,https://www.youtube.com/watch?v=Hhkoe9Lkhyw
–¥–µ–∫–æ—Ä,—Ü–≤–µ—Ç–æ–∫,https://youtu.be/87rVlJDWqg0?si=3Cnvw61EM5PLVCdY
–¥–µ–∫–æ—Ä,–∫–æ—Ä–∑–∏–Ω–∞,https://youtu.be/JBQSCsZVQWY?si=yfSSMj6Isj6qQWZs
–¥–µ–∫–æ—Ä,–¥–µ–∫–æ—Ä,https://youtu.be/mlZlOSmydWY?si=nsINS-RVWTQDEaDg
–¥–µ–∫–æ—Ä,—Ü–≤–µ—Ç–æ–∫,https://youtu.be/_VkHJUT73y0?si=1bcRrvZNtFwvRapL
–¥–µ–∫–æ—Ä,—Ü–≤–µ—Ç–æ–∫,https://youtu.be/gsHN_b96Bi8?si=T16I5Edztp1rFXhc
–¥–µ–∫–æ—Ä,—Ü–≤–µ—Ç–æ–∫,https://youtu.be/qZD5uZH7TPs?si=NcxFY1zCSk_iTwbr
–¥–µ–∫–æ—Ä,—Å–∫–∞—Ç–µ—Ä—Ç—å,https://youtu.be/iO7y8koPwW4?si=0vDuuIlo44FcAbq3
–¥–µ–∫–æ—Ä,–ø–ª–µ–¥,https://youtu.be/xE4BNRT3rmk?si=inH47RTVtfeQhxx0
–¥–µ–∫–æ—Ä,—Å–∞–ª—Ñ–µ—Ç–∫–∞,https://youtu.be/xk8twrlH5PE?si=YFzfFKym9xsYj6cY
–¥–µ–∫–æ—Ä,—Ü–≤–µ—Ç–æ–∫,https://youtu.be/qiiaRZR_zw4?si=_1IPvqGZu8y6PA0Y
–¥–µ–∫–æ—Ä,–ø–æ–¥—Å—Ç–∞–≤–∫–∞,https://youtu.be/uW40gw2EJx4?si=YejuqRJIcvJTENFc
–¥–µ–∫–æ—Ä,–ø–ª–µ–¥,https://youtu.be/C53RvaE-RWk?si=iFhOfL_dda-rcn41
–¥–µ–∫–æ—Ä,—Ü–≤–µ—Ç–æ–∫,https://youtu.be/XKLdKsMLnu0?si=o1K-3AflgXwzsCCG
–¥–µ–∫–æ—Ä,—Ü–≤–µ—Ç–æ–∫,https://youtu.be/S96ewWGSUw4?si=ApJL3G0ECmxpWb7z
–¥–µ–∫–æ—Ä,–ø–æ–¥—É—à–∫–∞,https://youtu.be/QS6j0PSkd-o?si=imMgKX7t0_uwKNWM
–¥–µ—Ç—Å–∫–æ–µ,—à—Ç–∞–Ω–∏—à–∫–∏,https://www.youtube.com/watch?si=oRIlyBaFBQJQPHeT&v=CqMO4rR-Wk8&feature=youtu.be
–¥–µ—Ç—Å–∫–æ–µ,–∫–æ–≤—Ä–∏–∫,https://www.youtube.com/watch?si=inH47RTVtfeQhxx0&v=xE4BNRT3rmk&feature=youtu.be
–¥–µ—Ç—Å–∫–æ–µ,–∏–≥—Ä—É—à–∫–∞,https://www.youtube.com/watch?v=gcXwpALX8dk
–¥–µ—Ç—Å–∫–æ–µ,—á–µ–ø–µ—Ü,https://youtu.be/bu96SjIv5ps?si=_9mnMDKNA-y5VirU
–¥–µ—Ç—Å–∫–æ–µ,—á–µ–ø–µ—Ü,https://youtu.be/yupcxtbCkhk?si=hxSrvBQa-R8kLqyi
–¥–µ—Ç—Å–∫–æ–µ,—á–µ–ø–µ—Ü,https://youtu.be/J2BdUGYOUuw?si=jbTlg8ke70b8m8lz
–¥–µ—Ç—Å–∫–æ–µ,–∏–≥—Ä—É—à–∫–∞,https://youtu.be/4pkC7NEl_-0?si=pRDDo-FS18bJ8YBc
–¥–µ—Ç—Å–∫–æ–µ,—Å–≤–∏—Ç–µ—Ä,https://youtu.be/H5V1BXXLsKg?si=Zl6kNVY4MDjamuER
–¥–µ—Ç—Å–∫–æ–µ,–ø–∏–Ω–µ—Ç–∫–∏,https://youtu.be/zAeH2YA7T5k?si=DciXoGtLNtonul_4
–¥–µ—Ç—Å–∫–æ–µ,—Å–≤–∏—Ç–µ—Ä,https://youtu.be/q3xZ1Docho8?si=1QB8WWDEssjDvgW6
–¥–µ—Ç—Å–∫–æ–µ,–∏–≥—Ä—É—à–∫–∞,https://youtu.be/b_lw-q-78rs?si=8x6IbOrE2XncnfDv
–¥–µ—Ç—Å–∫–æ–µ,—à–∞–ø–∫–∞,https://youtu.be/C181DWNN6Vg?si=Gq9CLoRiOaBS9FUU
–¥–µ—Ç—Å–∫–æ–µ,–∏–≥—Ä—É—à–∫–∞,https://youtu.be/1nNS8A2hEaE?si=DRDqEIxeP43V4XEt
–¥–µ—Ç—Å–∫–æ–µ,–∏–≥—Ä—É—à–∫–∞,https://youtu.be/a9_KIkLgrqc?si=n2nODZwlpY8qjGIf
–¥–µ—Ç—Å–∫–æ–µ,–∏–≥—Ä—É—à–∫–∞,https://youtu.be/XEibcvyNk3U?si=0f3iXkR4l73XfLcW
–¥–µ—Ç—Å–∫–æ–µ,–∏–≥—Ä—É—à–∫–∞,https://youtu.be/9fTLEQCm-Qk?si=2zfEZJtqPP_Utb3v
–¥–µ—Ç—Å–∫–æ–µ,—á–µ–ø–µ—Ü,https://youtu.be/bu96SjIv5ps
–¥–µ—Ç—Å–∫–æ–µ,–∏–≥—Ä—É—à–∫–∞,https://youtu.be/na_H8iGKFao?si=pmIPIbUQG42q8QNn
–¥–µ—Ç—Å–∫–æ–µ,–∏–≥—Ä—É—à–∫–∞,https://youtu.be/lZ5jessC3NE?si=csrDOCJk8zLh39xF
–¥–µ—Ç—Å–∫–æ–µ,–∏–≥—Ä—É—à–∫–∞,https://youtu.be/JU4cqHVcjjA?si=QXiJTidCOHIVao3Z
–¥–µ—Ç—Å–∫–æ–µ,–∏–≥—Ä—É—à–∫–∞,https://youtu.be/hvr9ArZ6hFA?si=OXoJHPtK0N9_7m3E
–¥–µ—Ç—Å–∫–æ–µ,–∏–≥—Ä—É—à–∫–∞,https://youtu.be/-V8NTbMWWcQ?si=GVhgUapVmcbJ9mS2
–¥–µ—Ç—Å–∫–æ–µ,–∏–≥—Ä—É—à–∫–∞,https://youtu.be/vIE1avfCNII?si=cTs0-rbFrnuZrtCS
–¥–µ—Ç—Å–∫–æ–µ,–∏–≥—Ä—É—à–∫–∞,–õ–Ø–ì–£–®–ö–ê –∏–∑ Pinterest üê∏ (–∫—Ä—é—á–∫–æ–º) –¢–£–¢–û–†–ò–ê–õ
–¥–µ—Ç—Å–∫–æ–µ,–∏–≥—Ä—É—à–∫–∞,https://youtu.be/1MdGPVp8uWs?si=4uOq3CuGia81lwzS
–ª–∞–ø–∫–∏,—Å–≤–∏—Ç–µ—Ä –¥–ª—è —Å–æ–±–∞–∫–∏,https://youtu.be/aQsxNdk6xV8?si=wyHGQoYrn_RYaMQD
–ª–∞–ø–∫–∏,—à–∞–ø–æ—á–∫–∞ –¥–ª—è –∫–æ—à–∫–∏,https://youtu.be/6LSrH9010Hw?si=sAIAGAoy7h9YgsdG
–ª–∞–ø–∫–∏,–ø–∞–Ω–∞–º–∞ –¥–ª—è –∫–æ—à–∫–∏,https://youtu.be/kxG3zCl9b-s?si=fcGukPQ6TJL9wc2O
–ª–∞–ø–∫–∏,—à–∞–ø–æ—á–∫–∞ ,https://youtu.be/S0ylKceexC8?si=WLUoQ688TRmCaxiq
–ª–∞–ø–∫–∏,—Å–≤–∏—Ç–µ—Ä –¥–ª—è —Å–æ–±–∞–∫–∏,https://youtu.be/33i7IkhaXVc?si=LiDbjOuo7TKKxesY
–ª–∞–ø–∫–∏,—à–∞–ø–æ—á–∫–∞,https://youtu.be/W0Q1zvb9oCI?si=EWEz206U0Au-cLdD
–Ω–æ—Å–∫–∏,–Ω–æ—Å–∫–∏,https://youtu.be/fulNc52vNeI?si=QgIR2plGy5Jn7RQ2
–Ω–æ—Å–∫–∏,–Ω–æ—Å–∫–∏,https://www.youtube.com/watch?v=iXSMLXP-bio&list=PLHE8CzSfjINluHgw8_Qoa0ZEZEopOYtr3&index=6
–Ω–æ—Å–∫–∏,–Ω–æ—Å–∫–∏,https://youtu.be/vhaMDhQkiBY?si=JhqvEQy-fgqFMPoO
–Ω–æ—Å–∫–∏,–Ω–æ—Å–∫–∏,https://youtu.be/JJO99UMOz9Y?si=Eowhk1jmrGoOH7kW
–æ–¥–µ–∂–¥–∞,–±—Ä–∞,https://www.youtube.com/watch?v=LMdmxMFufqA
–æ–¥–µ–∂–¥–∞,–∫–∞—Ä–¥–∏–≥–∞–Ω,https://youtu.be/zsphNGouDXU?si=cjb-yKE1Gno_ftyr
–æ–¥–µ–∂–¥–∞,–∫–∞—Ä–¥–∏–≥–∞–Ω,https://youtu.be/1_BQh0Bxmj8?si=yP5VphY_dSHuByCr
–æ–¥–µ–∂–¥–∞,–ø–ª–∞—Ç—å–µ,https://youtu.be/YSOxw2H_IO8?si=K_vgNH7PW_hwfn2w
–æ–¥–µ–∂–¥–∞,–∂–∏–ª–µ—Ç,https://youtu.be/twavDKdknMc?si=73Yd-m5IMUA83hYK
–æ–¥–µ–∂–¥–∞,—Ä—É–±–∞—à–∫–∞,https://youtu.be/CBT9XGEuKTM?si=RlJRUyvKJgvrqWJh
–æ–¥–µ–∂–¥–∞,–∫–∞—Ä–¥–∏–≥–∞–Ω,https://youtu.be/Af5VGvFB39o?si=set-eP6mWNAog7eY
–æ–¥–µ–∂–¥–∞,–∂–∏–ª–µ—Ç,https://youtu.be/zsHdp25b6RE?si=g-Hj30igcNQKW0cO
–æ–¥–µ–∂–¥–∞,—Å–≤–∏—Ç–µ—Ä,https://youtu.be/9IWvrCncO2I?si=_wTjVLRqT9coD2uX
–æ–¥–µ–∂–¥–∞,—Ä—É–±–∞—à–∫–∞,https://www.youtube.com/watch?v=glHg66m-7Eo&t=17s
–æ–¥–µ–∂–¥–∞,—Ç–æ–ø ,https://youtu.be/zXpgAlX4QLU?si=AL5d9L7uFQPGuGu8
–æ–¥–µ–∂–¥–∞,—Å–≤–∏—Ç–µ—Ä,https://youtu.be/SM9bKm_ANWo?si=Oe9b1dkB6iVjrH2m
–æ–¥–µ–∂–¥–∞,—Ç–æ–ø,https://youtu.be/mt6CClvmtqU?si=mQk-z2k0Ljbe1J0X
–æ–¥–µ–∂–¥–∞,—Å–≤–∏—Ç–µ—Ä,https://youtu.be/UIIeFqDlDyQ?si=kThsPy5nD24Afzyi
–æ–¥–µ–∂–¥–∞,–∂–∏–ª–µ—Ç,https://youtu.be/rQOqHwGpMkc?si=sdih36avdmeu06yG
–æ–¥–µ–∂–¥–∞,–∂–∏–ª–µ—Ç,https://youtu.be/NVqOXPXWr3M?si=bSWrZH_Oc6sYuDCZ
–æ–¥–µ–∂–¥–∞,–∂–∏–ª–µ—Ç,https://youtu.be/EuO09JipsKU?si=l0MPBuyn5zGSJgOy
–æ–¥–µ–∂–¥–∞,–∂–∏–ª–µ—Ç,https://youtu.be/5DBVKhhfhUs?si=WM83CANsNvHw9dRF
–æ–¥–µ–∂–¥–∞,–∂–∏–ª–µ—Ç,https://youtu.be/PipyGfgr2qU?si=fD_cCPpEAG8ezlhh
–æ–¥–µ–∂–¥–∞,—Å–≤–∏—Ç–µ—Ä,https://youtu.be/ERhziN3UyQM?si=6YyvQjUGJ0IAXn4g
–æ–¥–µ–∂–¥–∞,—Ç–æ–ø,https://youtu.be/ZccwIMx28xk?si=Aw4Vcytgb89weecP
–æ–¥–µ–∂–¥–∞,—Ä—É–±–∞—à–∫–∞,https://youtu.be/14--glzVULY?si=B3wcn-R0x4mO1r9a
–æ–¥–µ–∂–¥–∞,–∂–∏–ª–µ—Ç,https://youtu.be/xgTgMxZfk28?feature=shared
–æ–¥–µ–∂–¥–∞,—Ç–æ–ø,https://youtube.com/shorts/BsP6elo_qhE?si=FDDkG15zQL5zblUe
–æ–¥–µ–∂–¥–∞,–ø–æ–ª–æ,https://youtu.be/QTWgBUZxFr4?si=c1Avewb5V8GIhdY8
–æ–¥–µ–∂–¥–∞,–∫–∞—Ä–¥–∏–≥–∞–Ω,https://youtu.be/7Qp9E2yXnDQ?si=BGdzXVuhnC1LeaZN
–æ–¥–µ–∂–¥–∞,—Ç–æ–ø,https://youtu.be/y2Wt7Y9_ZMI?si=syFkZCLgIGfnpmc7
–æ–¥–µ–∂–¥–∞,–º–∞–Ω–∏—à–∫–∞,https://youtu.be/Us4FNjBeaaA?si=ieUMOSx1gyQ_L6_E
–æ–¥–µ–∂–¥–∞,—Ç–æ–ø,https://youtu.be/T7jrtcbNg-8?si=oQSpEawbwgwlW9V_
–æ–¥–µ–∂–¥–∞,—Ç–æ–ø,https://youtu.be/A9NjnSz1Cn0?si=LLy1uR4Iyn9cNnkB
–æ–¥–µ–∂–¥–∞,—Ç–æ–ø,https://youtu.be/SVnamA7_pFI?si=wqakYuy4BBw3aafk
–æ–¥–µ–∂–¥–∞,–∂–∏–ª–µ—Ç,https://youtu.be/c5DfTh8mTDY?si=DTQKoQzxs8Cfvx4N
–æ–¥–µ–∂–¥–∞,—Ç–æ–ø,https://youtu.be/dBtQ4zgbOHM?si=pACOBeXX5m1cphiD
–æ–¥–µ–∂–¥–∞,–±–æ–º–±–µ—Ä,https://youtu.be/XFxCUcHub6g?si=YCz_a4RQVdrGZFAY
–æ–¥–µ–∂–¥–∞,—Ç–æ–ø,https://youtu.be/wHF2vtsh3bE?si=hNjD__K-KDep91Te
–æ–¥–µ–∂–¥–∞,–∂–∏–ª–µ—Ç,https://youtu.be/COlPZRYQAdY?si=IKz8J_IiBwWrqJQd
–æ–¥–µ–∂–¥–∞,–∂–∏–ª–µ—Ç,https://www.youtube.com/watch?v=FAtuGCjl5zo&t=2817s
–æ–¥–µ–∂–¥–∞,—Ç–æ–ø,https://youtu.be/3nbqJ7Y2AZY?si=wiUIxuIhaKwd57Qc
–æ–¥–µ–∂–¥–∞,—Å–≤–∏—Ç–µ—Ä,https://www.youtube.com/watch?v=V6u-SMh4y0w&list=PLl4kn__8nJ7BAYARW7ohvzzdWqmpRrQ8W&index=2&pp=gAQBiAQB
–æ–¥–µ–∂–¥–∞,—Å–≤–∏—Ç–µ—Ä,https://youtu.be/Q80lP8XQlRo?si=sFHvKwFbw2Gw1jqu
–æ–¥–µ–∂–¥–∞,–∫–∞—Ä–¥–∏–≥–∞–Ω,https://youtu.be/Kl5xZRabYfc?si=uTKMrlblciAKHH4V
–æ–¥–µ–∂–¥–∞,—Å–≤–∏—Ç–µ—Ä,https://youtu.be/SSSiTXsrVcY?si=PbOHpvopj-8MMPAV
–æ–¥–µ–∂–¥–∞,–∫–∞—Ä–¥–∏–≥–∞–Ω,https://youtu.be/DcDWs18m4ok?feature=shared
–æ–¥–µ–∂–¥–∞,—Ç–æ–ø,https://youtu.be/lZSCZX2XKKs?si=KvLv5nQf5oMP5b-q
–æ–¥–µ–∂–¥–∞,–∂–∏–ª–µ—Ç,https://youtu.be/Y4I41dqjtf8?si=CwPfEuebt3IsNIs2
—Ç–µ—Ö–Ω–∏–∫–∞,—É–∑–æ—Ä,https://www.youtube.com/watch?si=Nue4s2nf-TTKaRyl&v=WvGEYA8hM10&feature=youtu.be
—Ç–µ—Ö–Ω–∏–∫–∞,—Å–∫–æ—Å –ø–ª–µ—á–∞,https://www.youtube.com/watch?v=aWaAYcmvef0
—Ç–µ—Ö–Ω–∏–∫–∞,—É–∑–æ—Ä,https://www.youtube.com/watch?app=desktop&v=inHVWpH-XHk
—Ç–µ—Ö–Ω–∏–∫–∞,—É–∑–æ—Ä ,https://youtu.be/YxVIVNRzul4?si=E5FEdDDOrzJSdDjQ
—Ç–µ—Ö–Ω–∏–∫–∞,—É–∑–æ—Ä,https://youtu.be/zurvJxLWCuk?si=rLlRBk08APP6Hyua
—Ç–µ—Ö–Ω–∏–∫–∞,—Ö–∞–∫,https://youtube.com/shorts/qfXaybYxrrI?si=qv80xQGQwUaE6YdH
—Ç–µ—Ö–Ω–∏–∫–∞,–ø—Ä—è–∂–∞,https://youtu.be/vELP_YCeCRE?si=d5J5qLKdpN8ZkQdu
—Ç–µ—Ö–Ω–∏–∫–∞,–º–æ—Ç–∏–≤,https://youtu.be/ye_CLedTSUo?si=sw-BpXiocN54ObYi
—Ç–µ—Ö–Ω–∏–∫–∞,—É–∑–æ—Ä,https://youtu.be/8Yo4U4zYLB4?si=st22GJeSy-QdQeq6
—Ç–µ—Ö–Ω–∏–∫–∞,—É–∑–æ—Ä,https://youtu.be/mzv8XQ2G_y0?si=zMADtb6KHoFNVKbJ
—Ç–µ—Ö–Ω–∏–∫–∞,—É–∑–æ—Ä,https://youtu.be/MxbimEB4zwU?si=sQ82kgODIgKnBH-2
—Ç–µ—Ö–Ω–∏–∫–∞,–º–æ—Ç–∏–≤,https://youtu.be/nE9yU4QZdMU?si=bMFiLC_ngbaYpuUK
—Ç–µ—Ö–Ω–∏–∫–∞,—Ö–∞–∫,https://youtu.be/hf2UDcjaojA?si=vTeQEe3K1GE7QTjX
—Ç–µ—Ö–Ω–∏–∫–∞,–ø—Ä—è–∂–∞,https://youtube.com/shorts/lwJp_vXBlRI?si=Ia5xhvt_NfJzpZ19
—Ç–µ—Ö–Ω–∏–∫–∞,—É–∑–æ—Ä,https://youtu.be/5WejSqc7DlA?si=qRs52lX7iEoIh5hH
—Ç–µ—Ö–Ω–∏–∫–∞,—Ö–∞–∫ –∫—Ä–∞—Å–∏–≤–∞—è –≥–æ—Ä–ª–æ–≤–∏–Ω–∞,https://youtu.be/8zL0yAxK_DM?si=uCayV3vJggpcBKW1
—Ç–µ—Ö–Ω–∏–∫–∞,—Ö–∞–∫ –∫–∞–∫ –≤—è–∑–∞—Ç—å –≤ —Ç—Ä–∏ –Ω–∏—Ç–∏ –∏–∑ –æ–¥–Ω–æ–≥–æ –º–æ—Ç–∫–∞,https://youtu.be/05GnQKT89qE?si=bNjP1cvRrkwZme9y
—Ç–µ—Ö–Ω–∏–∫–∞,—Ä—É—á–∫–∏/–ª—è–º–∫–∏,https://youtu.be/BGrdh2XKCXk?si=DwfumNDmUAUNVu_T
—Ç–µ—Ö–Ω–∏–∫–∞,–ø—Ä—è–∂–∞,https://youtu.be/YTf6RNI9iCk
—Ç–µ—Ö–Ω–∏–∫–∞,—Ä—É—á–∫–∏,https://youtu.be/tI4xmOU_mcM?si=AYC0s6ZlAjMlnLqo
—Ç–µ—Ö–Ω–∏–∫–∞,—Ö–∞–∫,https://youtu.be/a_YYrq4qKxQ?si=bG_Kdmzq0qbkZSq1
—Ç–µ—Ö–Ω–∏–∫–∞,–º–æ—Ç–∏–≤,https://youtu.be/eBAesBbU1kk?si=AQ3d5Cl71aRruZtY
—Ç–µ—Ö–Ω–∏–∫–∞,–º–æ—Ç–∏–≤,https://youtu.be/5vXwgjuWtE8?feature=shared
—Ç–µ—Ö–Ω–∏–∫–∞,—É–∑–æ—Ä,https://youtu.be/D6X-gKUuIq8?si=7LfSQ7lq9b2IBeE_
—Ç–µ—Ö–Ω–∏–∫–∞,—É–∑–æ—Ä,https://youtu.be/4I1TRfL_nLQ?si=5M4gmySZaUgAgsPq
—Ç–µ—Ö–Ω–∏–∫–∞,—É–∑–æ—Ä,https://youtu.be/4OYatO_p8zY?si=JbYtuH3FVKpqBU8_
—Ç–µ—Ö–Ω–∏–∫–∞,—É–∑–æ—Ä,https://www.youtube.com/watch?v=mkx6bhKLDiA&list=PLH7PQMKZhDns7SwVPNVeEi06Sim9xlSRn&index=68&pp=iAQB
—Ç–µ—Ö–Ω–∏–∫–∞,–º–æ—Ç–∏–≤,https://www.youtube.com/watch?v=0iB4PzVEruI&pp=2AEAkAIB
—Ç–µ—Ö–Ω–∏–∫–∞,–º–æ—Ç–∏–≤,https://youtu.be/QNuTjaT0Gzo
—Ç–µ—Ö–Ω–∏–∫–∞,—É–∑–æ—Ä,https://www.youtube.com/watch?v=kLS_Gj04r4w&list=PLH7PQMKZhDns7SwVPNVeEi06Sim9xlSRn&index=61&pp=iAQB
—Ç–µ—Ö–Ω–∏–∫–∞,—É–∑–æ—Ä,https://youtu.be/RojlSqeaW10?si=mICoxhAcsyYXDyOE
—Ç–µ—Ö–Ω–∏–∫–∞,—É–∑–æ—Ä,https://youtu.be/cnuzoG8BZ-o?si=C9IK6VCN6rr5Axf9
—Ç–µ—Ö–Ω–∏–∫–∞,—É–∑–æ—Ä,https://youtu.be/-e5BaJyglhI?si=r1os5GtDq33qTB4H
—Ç–µ—Ö–Ω–∏–∫–∞,—Ö–∞–∫,https://youtu.be/ueyPdbf-wM4?si=ShU0oiu2TYJpoykm
—Ç–µ—Ö–Ω–∏–∫–∞,—à–Ω—É—Ä,https://youtu.be/WsjATQkOrKs?si=L8Z0wcuxSfF5XlgV
—Ç–µ—Ö–Ω–∏–∫–∞,—É–∑–æ—Ä,https://youtu.be/H-NlwQ6C9Nk?si=NdJeSsIDI6QGuK_R
—Ç–µ—Ö–Ω–∏–∫–∞,–º–æ—Ç–∏–≤,https://youtu.be/OVa0DeRApSg?si=ckvK0LKtW5tpwKp6
—Ç–µ—Ö–Ω–∏–∫–∞,—Ö–∞–∫,https://youtu.be/IbJX5MKwIso?si=Sf3XnDBk9ksyostZ
—Ç–µ—Ö–Ω–∏–∫–∞,–æ–±–≤—è–∑–∫–∞,https://youtu.be/K7sr0hNhgEs?si=moPON1URxseJVpIw
—Ç–µ—Ö–Ω–∏–∫–∞,—Ö–∞–∫,https://youtu.be/awliieY_rkI
—Ç–µ—Ö–Ω–∏–∫–∞,–ø—Ä—è–∂–∞,https://www.youtube.com/watch?v=e-UOc9RHdAY
—Ç–µ—Ö–Ω–∏–∫–∞,—Å–æ–µ–¥–∏–Ω–µ–Ω–∏–µ,https://youtu.be/uMSwvtmWk7E?si=2zQbdgf8-Pu4Ooea
—Ç–µ—Ö–Ω–∏–∫–∞,—Å–æ–µ–¥–∏–Ω–µ–Ω–∏–µ,https://www.youtube.com/watch?v=qWAIQmvJlBg&t=83s&ab_channel=Olga_Knits
—Ç–µ—Ö–Ω–∏–∫–∞,—É–∑–æ—Ä,https://youtu.be/PlwGozNADd8?si=Y1KdzXrS9JftqSjx
—Ç–µ—Ö–Ω–∏–∫–∞,—Å–æ–µ–¥–∏–Ω–µ–Ω–∏–µ,https://youtu.be/mEmjceKVlNA?si=ReJ3_7QUo8ZK4d2P
—Ç–µ—Ö–Ω–∏–∫–∞,—É–∑–æ—Ä,https://youtu.be/d-WtgrfTNW8?si=b9Eg_CLsrhPrDOK9
—Ç–µ—Ö–Ω–∏–∫–∞,—Ö–∞–∫,https://youtu.be/T4x73AnoP3E?si=wZgATrzLAGKQqJe_
—Ç–µ—Ö–Ω–∏–∫–∞,—É–∑–æ—Ä,https://youtu.be/Xw3kCiB5SQY?si=UG8o1CUsrQaZdYMA
—Ç–µ—Ö–Ω–∏–∫–∞,–ø—Ä—è–∂–∞,https://youtu.be/FsbgMW2_hps?si=JzecIp5i94txLz3a
—Ç–µ—Ö–Ω–∏–∫–∞,—à–Ω—É—Ä,https://youtu.be/a5LjaX4bpKc?feature=shared
—Ç–µ—Ö–Ω–∏–∫–∞,—Ö–∞–∫,https://youtu.be/0lqkfQF6QgE
—Ç–µ—Ö–Ω–∏–∫–∞,–º–æ—Ç–∏–≤,https://youtu.be/1cxUXyDkYKM?si=YKzTLLvOoKkoPOGi
—Ç–µ—Ö–Ω–∏–∫–∞,–∫—Ä—é—á–∫–∏,https://www.youtube.com/watch?v=CO-UYqWNJL0&t=3s&ab_channel=%D0%91%D0%B5%D1%81%D0%BF%D0%BE%D1%80%D1%8F%D0%B4%D0%BE%D1%87%D0%BD%D0%BE%D0%B5%D0%A2%D0%B2%D0%BE%D1%80%D1%87%D0%B5%D1%81%D1%82%D0%B2%D0%BE
—Ç–µ—Ö–Ω–∏–∫–∞,—à–Ω—É—Ä,https://youtu.be/HkB7khEWkXk?si=V9Z23LJ0jnDoZjI4
—Ç–µ—Ö–Ω–∏–∫–∞,—É–∑–æ—Ä,https://youtu.be/LVnIjcAFbws?si=NDXM3TmLoAVWWIgQ
—Ç–µ—Ö–Ω–∏–∫–∞,—É–∑–æ—Ä,https://youtu.be/VAliwfW4bMw?si=VPLYC01OxGDKR24y
—Ç–µ—Ö–Ω–∏–∫–∞,—É–∑–æ—Ä,https://youtu.be/GkA0i0YkTb8?si=a53iaq1bzWbOZWgA
—Ç–µ—Ö–Ω–∏–∫–∞,–æ–±–≤—è–∑–∫–∞,https://www.youtube.com/watch?v=yS2MU7jeQN4
—Ç–µ—Ö–Ω–∏–∫–∞,–º–æ—Ç–∏–≤,https://youtu.be/u4UyjwFg2Bk?si=XbulMOts9aBIyujz
—Ç–µ—Ö–Ω–∏–∫–∞ ,–º–æ—Ç–∏–≤,https://youtu.be/OTPcCeXDNYM?si=gbTGPkjqm5K89Qeq
—Ç–µ—Ö–Ω–∏–∫–∞ ,—à–Ω—É—Ä,https://youtu.be/6UxXUVFTp94?si=6yjPBoBwh1UvdJef
—Ñ–∏–ª–µ–π–Ω–æ–µ,—Ñ–∏–ª–µ–π–Ω–æ–µ,https://youtu.be/5pzZbASgYAA?si=IvETiMN15A1XGMS7
—Ñ–∏–ª–µ–π–Ω–æ–µ,—Ñ–∏–ª–µ–π–Ω–æ–µ,https://youtu.be/oU6U1mB4zSs?si=q-d0yIZ6NfNqB7Cs&t=449
—Ñ–∏–ª–µ–π–Ω–æ–µ,—Ñ–∏–ª–µ–π–Ω–æ–µ,https://youtu.be/BH2EW8UpC98?si=Lu1sJdaW-l-y4Zyx
—Ñ–∏–ª–µ–π–Ω–æ–µ,—Ñ–∏–ª–µ–π–Ω–æ–µ,https://youtu.be/CLUMJsWa7qE?si=VMmY8j8H8Bx_Vkr8&t=281
—Ñ–∏–ª–µ–π–Ω–æ–µ,—Ñ–∏–ª–µ–π–Ω–æ–µ,https://youtu.be/AEf5-_DVZhM?si=TikRSz4IzFto32th
—Ñ–∏–ª–µ–π–Ω–æ–µ,—Ñ–∏–ª–µ–π–Ω–æ–µ ,https://youtu.be/XD-mIzO17VY?si=zLcNSvFoAZ7ya1ur
,,
,,   